id,nome,idade,datanascimento,email,cargo,departamento
6414,James Miller,39,2001-06-02,brandihernandez@example.net,Energy manager,Financeiro
5123,Kayla Navarro,75,2001-08-05,david27@example.org,IT sales professional,RH
3858,Kevin Carlson,26,1972-11-16,victor04@example.org,Radiation protection practitioner,TI
7577,Christopher Evans,76,1966-08-08,julie81@example.net,"Research officer, political party",Marketing
4037,Ashley Douglas,26,1963-05-01,jonestiffany@example.com,Software engineer,Vendas
8480,Edward Weber,72,1993-04-22,tfernandez@example.net,"Nurse, children's",Marketing
2263,Darin Brown,38,1963-05-14,houstonsusan@example.org,"Programmer, systems",Marketing
3119,Michael Preston,73,1985-07-14,welchdavid@example.net,"Surveyor, land/geomatics",TI
2240,Joshua Lindsey,25,1944-03-27,xavier84@example.net,Mining engineer,TI
4687,Ashley Hamilton,77,1979-01-15,hdavis@example.org,Legal secretary,RH
1981,Stacy Hernandez,31,1943-08-12,fsmith@example.net,Actuary,Vendas
7726,Nathan Miller,30,1969-11-18,hrichardson@example.net,Operational researcher,Vendas
6670,Laura Reynolds,54,1947-02-28,stacey78@example.org,Agricultural engineer,Vendas
1592,Keith Lewis,29,2002-03-23,umorris@example.net,"Designer, graphic",Financeiro
6833,Andrew Valdez,60,1956-02-11,heatherbrown@example.net,Economist,Financeiro
3618,Cathy Washington,63,1988-07-30,helen22@example.com,Manufacturing systems engineer,RH
4551,Michael Burke,33,1968-07-17,christopherdixon@example.net,Orthoptist,Vendas
5881,Michael Moreno,79,2005-01-15,beckerthomas@example.com,"Therapist, music",Financeiro
2763,Jacqueline Jacobs,35,1954-08-31,jarvisdawn@example.org,Accommodation manager,RH
6831,David Chandler,65,2000-08-23,hatfieldrichard@example.net,"Conservator, museum/gallery",Marketing
6296,Amanda Henson,22,1945-02-10,ryan57@example.com,Tourist information centre manager,RH
9665,Jessica Johnston,39,1969-12-18,egraham@example.org,Corporate investment banker,Financeiro
2455,Zachary Cummings,28,1947-04-26,jamienelson@example.org,Health promotion specialist,Vendas
8064,Alexis Kelly,57,1959-07-01,hdawson@example.org,Clinical embryologist,Vendas
4658,Justin Green,52,1971-08-30,perezlauren@example.net,Economist,Marketing
7470,Gregory Chaney MD,57,1979-02-14,toddgarcia@example.net,Automotive engineer,Vendas
1196,Amy Douglas,21,1946-05-18,ronaldsilva@example.org,"Designer, graphic",Marketing
8340,Stephen Atkins,39,1976-06-16,ericwood@example.com,Education administrator,Vendas
4016,Tony May,28,1986-10-16,dunlaprandall@example.net,Toxicologist,Marketing
7074,Melissa Wilson,69,2004-06-29,brandy24@example.com,Company secretary,Marketing
4755,Matthew Davis,46,1996-12-05,chaneygene@example.com,Research scientist (physical sciences),Vendas
2010,Jimmy Jacobson,44,1988-10-27,zparker@example.net,Animator,Marketing
8451,Bobby Thomas,72,1972-08-03,vsparks@example.com,Counsellor,TI
7860,Kathy Franklin,71,1985-06-18,bryanpayne@example.net,Herpetologist,RH
6504,Taylor Adams,66,2003-09-25,logansheila@example.com,Theatre director,Marketing
8734,David Turner,66,1973-03-11,housepatrick@example.com,"Chemist, analytical",RH
5283,Michael Smith,33,1973-03-04,micheal78@example.org,Chartered legal executive (England and Wales),TI
8992,Laura Barnett,52,1990-08-30,myersdorothy@example.org,"Production assistant, radio",Marketing
9411,Jonathan Cruz,75,1993-06-26,ycurtis@example.org,Commercial art gallery manager,TI
5799,Carol Chen,61,1943-03-25,donnamueller@example.net,Civil Service administrator,RH
7337,Cheryl Green,72,1996-01-06,michelle24@example.com,Energy manager,RH
3970,Cassandra Lewis,45,1983-01-30,bennettjerry@example.net,Pension scheme manager,RH
9845,Bobby Lee,79,1958-10-27,virginia76@example.com,"Engineer, manufacturing",RH
8424,Michelle Cook,26,1965-10-31,colliernathan@example.com,Firefighter,Vendas
8405,Matthew Weeks,43,1973-01-09,maria48@example.com,Medical secretary,RH
1459,Wanda Holland,59,1947-09-17,wmueller@example.net,Arboriculturist,Marketing
3327,Leslie Davis,38,1964-10-30,colemelissa@example.net,"Engineer, electronics",TI
2527,Stephanie Nelson,76,1980-12-07,hancockchristopher@example.com,Associate Professor,Vendas
6177,Mary Montgomery,77,1953-08-06,derrickjohnson@example.net,"Journalist, magazine",TI
9843,Desiree Benson,69,1959-12-31,tracy73@example.net,Chartered legal executive (England and Wales),Vendas
6526,Sarah Collins,52,1956-04-19,lindseyjordan@example.com,Drilling engineer,Vendas
3489,Michael Brown,43,1972-04-17,gdaugherty@example.net,"Librarian, academic",Marketing
3000,Benjamin Campbell,60,1980-01-22,sherry56@example.net,Art gallery manager,Vendas
4502,Debra Williams,43,1946-11-03,lawrencetucker@example.net,Lawyer,TI
6952,Brianna Roberson,77,2002-02-27,tanya70@example.net,Company secretary,TI
6631,Eric Green,62,1965-03-27,ricky75@example.net,Ecologist,TI
3077,Jennifer Brooks,19,1948-08-30,prestondustin@example.net,Energy manager,Vendas
4903,Dawn Ali,28,1986-12-26,philip30@example.net,Cabin crew,Vendas
4041,Joanna Nelson,20,1948-10-21,jessicahenderson@example.org,Computer games developer,Vendas
5843,Todd Smith,53,1974-08-14,douglas32@example.org,"Teacher, primary school",Marketing
4845,Kenneth Ray,58,2001-05-13,jesusdaniels@example.org,Biomedical engineer,Marketing
6194,Bruce Smith,43,1943-06-09,pattersonlindsay@example.org,Armed forces training and education officer,Vendas
4689,Valerie Knight,48,1989-03-19,flynnpamela@example.net,Dance movement psychotherapist,Marketing
6267,Sean Banks,35,1962-04-03,welchrobin@example.com,Clinical cytogeneticist,RH
7301,Renee Green,61,1995-08-05,cynthiamiller@example.org,Hotel manager,Vendas
8877,Debbie Johnson,18,1961-04-01,ramirezmelinda@example.com,Hydrologist,TI
4545,William Ramos,74,1972-04-15,aaguilar@example.org,Physiological scientist,Marketing
9666,Tyler Brown,49,1969-06-07,gregory76@example.com,Immunologist,Financeiro
8570,Jonathan Hall,39,1976-11-06,vincentlittle@example.net,Quantity surveyor,Vendas
6745,Nancy Chung,46,1982-09-13,rsmith@example.net,Radio producer,TI
3320,Diana Green,75,2003-08-29,schapman@example.org,Trade mark attorney,RH
7579,Amanda Stewart,61,1983-06-23,kelly77@example.com,"Engineer, chemical",RH
9401,Jessica Bernard,62,1955-10-12,hstafford@example.com,Pensions consultant,TI
3174,Matthew Torres,47,1951-01-23,ijohnson@example.com,"Engineer, drilling",RH
5244,John Jones,51,1967-05-27,victoriaporter@example.net,"Solicitor, Scotland",Financeiro
3391,William Williams,20,1999-11-02,heathervazquez@example.com,"Doctor, hospital",Vendas
1009,Tracy Chavez,73,1975-02-20,pmoore@example.org,Media planner,TI
3106,Taylor Weaver,77,1991-05-25,keith33@example.org,Advertising account planner,Marketing
6499,Jamie Murphy,59,1974-12-01,saramiller@example.net,Risk analyst,Marketing
1123,Matthew King,67,1995-08-10,bdonaldson@example.org,Operations geologist,Financeiro
9960,Joseph White,70,1943-10-23,donald77@example.org,"Development worker, international aid",RH
9244,Christina Mitchell,74,1946-09-25,aaronjames@example.net,Exhibition designer,Financeiro
5626,Erin Howe,55,2003-09-21,courtneyrice@example.com,Haematologist,RH
2583,Noah Adkins,33,1990-03-20,martin55@example.org,Art therapist,Vendas
6212,Pamela Roberts,30,1989-04-30,carrollyvette@example.com,"Therapist, music",RH
2502,Jacob Woods,31,1999-02-24,mmorrison@example.org,Make,RH
8631,Erin Evans,73,1958-01-20,micheleclark@example.com,Building control surveyor,RH
8800,Dana Williams,48,1967-07-14,smithmatthew@example.org,Water engineer,Financeiro
8866,Katherine Fisher,57,1966-01-08,ellenali@example.com,Social worker,Vendas
6595,Andrew Cox,53,1978-07-20,jacksondonna@example.net,Personal assistant,TI
1986,Kristen Obrien,79,1975-01-23,wsmith@example.org,"Therapist, sports",Financeiro
4367,John Contreras,19,1973-09-28,sarah44@example.net,Cabin crew,Financeiro
7753,Thomas Martin,43,1989-02-02,karen17@example.com,Armed forces technical officer,Financeiro
3940,Krista Wilcox DDS,76,1950-04-12,jenny38@example.org,Leisure centre manager,Vendas
2836,Stacey Bridges,79,1978-09-16,stevengrant@example.com,"Engineer, manufacturing systems",RH
9857,Michelle Welch,25,1969-07-09,longkathleen@example.net,"Scientist, product/process development",TI
1623,Felicia Whitney,61,1952-09-17,moyerryan@example.org,Probation officer,Vendas
3795,Frank Cook,47,1955-04-13,stephanie02@example.com,"Psychologist, counselling",RH
1306,James Bowman,19,1968-07-06,johncollier@example.org,Ship broker,RH
9538,Ryan Clark,76,1989-09-02,farleykelly@example.com,Transport planner,Financeiro
